{"joint_1": [-0.6952415655233269, -0.6943393490137004, -0.6922693886580746, -0.6890646133167107, -0.684838877087112, -0.6797771262800253, -0.6738782411465695, -0.6672523367564979, -0.6599700537859595, -0.65213304914577, -0.6437861405961262, -0.6349053846678454, -0.6255266622064787, -0.6156958066865136, -0.6055645640637114, -0.5950551193208312, -0.5842071814503498, -0.5730774833644519, -0.5617378352380902, -0.5501231908269246, -0.5382443153703069, -0.5261427813873019, -0.5138761999184258, -0.501420916327111, -0.48882609142543226, -0.4759735319706449, -0.46289113742236837, -0.44963507170090844, -0.4362203752103959, -0.4226987712359448, -0.40895961062698943, -0.3950400249742587, -0.38095886544921975, -0.3667612705596658, -0.3524182963298634, -0.3378799116910398, -0.3231412911138879, -0.3081993629127327, -0.2930295178172377, -0.27759319683595135, -0.2619165976152565, -0.24591537206779518, -0.22953636924745383, -0.21281301386999013, -0.19567545526428798, -0.17806505040688347, -0.15988877361211026, -0.14099393677236857, -0.12397679206216837], "joint_2": [1.4809569865715546, 1.474396633262958, 1.4671092606589113, 1.4591080563059162, 1.4504414629908626, 1.4413024042362201, 1.4316661013463627, 1.421468219420198, 1.410794889771423, 1.3998492384738825, 1.388539982576052, 1.376760734808934, 1.3645753673773586, 1.3519682467180858, 1.3391049286944896, 1.3259187586646413, 1.3123131398009673, 1.298334196139225, 1.2841918869202205, 1.269632869632111, 1.254710279949089, 1.239473833615677, 1.2239506977314394, 1.20811728968094, 1.1920341059216206, 1.1754629082540302, 1.1583979006075253, 1.140988924184798, 1.123103400154928, 1.104943390421959, 1.086314262760231, 1.0672628248316673, 1.047818648230534, 1.0280786667467732, 1.0078727979570108, 0.9872226528355258, 0.9660276836532301, 0.9443139683837504, 0.9219613851535416, 0.8989654707325575, 0.8753581716679858, 0.8508504694297524, 0.8254955502687469, 0.7992368714577964, 0.771948730155125, 0.7434805168071845, 0.7136574475136647, 0.6821542971983074, 0.6537997984479057], "joint_3": [0.695237686610873, 0.6958710097674542, 0.6966316846132291, 0.6975109260380916, 0.6984979678823622, 0.6995748205362495, 0.7007365963735203, 0.7019685890595578, 0.7032617642408155, 0.7046133254123281, 0.7060223022038399, 0.7074558844985381, 0.7089106466041709, 0.7102951947306845, 0.711609832853554, 0.7128670344069723, 0.7140657537092292, 0.7152097073812888, 0.7163080516960999, 0.7173689509995699, 0.7183698774294, 0.7193158918975833, 0.7202142092959968, 0.720873822922424, 0.7213166018163326, 0.7216847306297125, 0.7218826897033599, 0.7219806683063574, 0.7218921938901761, 0.7216388476054693, 0.721211956650978, 0.7206286662577813, 0.7199054798878511, 0.7190525168627064, 0.7180572641133165, 0.7168282081715328, 0.7153448959992399, 0.7136395100588608, 0.7117307553030016, 0.7096435139514734, 0.7073720674016685, 0.7049300259654018, 0.7023106629186987, 0.6995027349628148, 0.6964743203937721, 0.6932246467299439, 0.6897472145560427, 0.6860659859708588, 0.6827527872455584], "joint_4": [-1.4809519230835044, -1.4745527290025766, -1.4675408084622643, -1.4599150238982606, -1.4517298302948363, -1.4431218454848715, -1.4340810134990434, -1.4247319705073798, -1.4151401672906057, -1.4052911181440793, -1.3953747606575944, -1.3852105926151115, -1.3748469478084542, -1.3642175963104641, -1.3533009933799298, -1.3421138811252542, -1.3307827721138143, -1.3193606725760736, -1.307810594633695, -1.2961123416301268, -1.284307032347533, -1.272424456411244, -1.2604649213690478, -1.248090035333897, -1.2353737294020999, -1.222548186772343, -1.2094487846814037, -1.196241100314852, -1.1828845125467595, -1.169351349066513, -1.1555312575696983, -1.1414733293530148, -1.1272099099158572, -1.112810389636961, -1.0983108558220573, -1.0834339282491507, -1.0682258913988125, -1.0526478553385568, -1.036795670408237, -1.0206251248164586, -1.0042104027335912, -0.9876648103779235, -0.9708664749705458, -0.9538673461192876, -0.9366190614472726, -0.9190251901844373, -0.9011641589817178, -0.8830621116632491, -0.866768616832329]}