{"joint_1": [-0.6952415655233269, -0.6959696001530657, -0.6969129257993065, -0.6979897363347991, -0.6991858547888019, -0.7003809779858986, -0.7015737383209387, -0.7027637839963227, -0.7039508948244277, -0.7051336435953238, -0.7063180050788194, -0.7075059531401973, -0.7086756272963873, -0.7098113853339565, -0.7109310763989057, -0.712033506257089, -0.7130773154713667, -0.7141053844945746, -0.7150205417507708, -0.7158345756707409, -0.7165573650873261, -0.7171723292467049, -0.717715361189431, -0.7182032503030381, -0.7185211154522749, -0.7187527943198968, -0.7188886831777971, -0.7188786801814652, -0.7187372233565943, -0.7184760658554031, -0.7181061289822874, -0.7176381354735398, -0.7170810193696439, -0.7163396081802759, -0.7154028776708199, -0.7142498247903576, -0.712961953943945, -0.7115529730134319, -0.7099959183813693, -0.708263340522942, -0.706308871746782, -0.704157105202631, -0.7018266228809515, -0.6997220990665146], "joint_2": [1.4809569865715546, 1.4747989679191809, 1.4681769978182766, 1.461104283670526, 1.4536380822220294, 1.445595039618069, 1.4370512884638873, 1.4280639182275474, 1.4186842003093314, 1.4089760310973056, 1.398820884983689, 1.388334330107188, 1.377516919367257, 1.3665729681054162, 1.3554400635323027, 1.3441254465704795, 1.3326725949386748, 1.3211751752113037, 1.3095194131184793, 1.2977270740903937, 1.2857540540425618, 1.2736796126508851, 1.2614929024125192, 1.2494409089404237, 1.237205880046263, 1.2247343645433975, 1.212092938341037, 1.1992759944070261, 1.186263260162074, 1.1731185010312166, 1.1598750858250315, 1.146545564654825, 1.1331533699968201, 1.1194653199814488, 1.1055135322782785, 1.0913175160078528, 1.0769627786335614, 1.0624710138013396, 1.0478237658164649, 1.032905256603828, 1.0177009890381876, 1.002216565232591, 0.9865302528143195, 0.9724070190722951], "joint_3": [0.695237686610873, 0.6944105671186873, 0.6924023093881736, 0.6893345976664775, 0.6853129669463353, 0.6804318897788945, 0.6747761405776531, 0.6684227959329876, 0.661441253995347, 0.6539072015300983, 0.6456495710968998, 0.6367374309720958, 0.6272151687642296, 0.6173668659580998, 0.6071755762339727, 0.596560884013146, 0.585562166284455, 0.5743448388851782, 0.5628070052907591, 0.5511111008564147, 0.5392522319931383, 0.5272295845622965, 0.5149946297570924, 0.5026130827503738, 0.4900250547133973, 0.47731513908228423, 0.46440073723559744, 0.4513063052510514, 0.4380758584409416, 0.42469521081470984, 0.41121069727010834, 0.39759276117617437, 0.3838429819090559, 0.3699431636920705, 0.35588988293356255, 0.3416751882005328, 0.3272863684709052, 0.3127149383881705, 0.29793649972952846, 0.28291911746441184, 0.2676638154249492, 0.2521327809809538, 0.2362878800208335, 0.2220260264221309], "joint_4": [-1.4809519230835044, -1.4745112172084494, -1.4673658591537406, -1.4595263892179253, -1.4510815777390278, -1.4420548224493421, -1.4325341120244728, -1.422580528375899, -1.4122475405312347, -1.4015844619049507, -1.3903299277725036, -1.3784703906965625, -1.3660261004463516, -1.3534091918575428, -1.3403556888559653, -1.3268441620462692, -1.3127674719358737, -1.2984650404317124, -1.2836287076738444, -1.2684929440009378, -1.2530991566025609, -1.2374387833447862, -1.2213904516569027, -1.2048689756266606, -1.1880700294913435, -1.1710713167488807, -1.1537365226466452, -1.1360047790706609, -1.1178612258525422, -1.0993909768080983, -1.0806752463073654, -1.0616521034989939, -1.0423117859427906, -1.0226356103342755, -1.0025185935790148, -0.9819495827565592, -0.9609565815030054, -0.9395261990992785, -0.9175744145486843, -0.8950921518523618, -0.8720121613309204, -0.8482394419692088, -0.8237339820471448, -0.8017009017964315]}