{"joint_1": [-0.6952415655233269, -0.6966896711193031, -0.6990016535341901, -0.7020910632235116, -0.7058796634056931, -0.7102971479579961, -0.7152802407126385, -0.7207719958798154, -0.7267211651303553, -0.7330823727569096, -0.739817827647079, -0.7468876318873696, -0.7542602002447997, -0.7619017700089703, -0.7697940334630247, -0.7779018134711518, -0.7862129120550627, -0.7946994799843509, -0.8033383100493926, -0.8121141494576173, -0.8210132964481928, -0.8300249929799526, -0.8391447414011797, -0.8483540830497422, -0.8576448885202287, -0.8669993998986758, -0.8764172932974316, -0.8858922106838949, -0.8954185478725472, -0.9049918068466822, -0.9146089624903692, -0.9242629520839251, -0.9339502813705385, -0.9435635733379485, -0.9531104159833831, -0.9625980965814083, -0.9720326315888598, -0.9814172174089987, -0.9907625340265656, -1.0000675412564686, -1.0093357649347685, -1.0185729741713367, -1.0277295865360199, -1.0367758648710945, -1.045655021112972, -1.0543840813205563, -1.0630308749799544, -1.0715141914161526, -1.079857919408629, -1.0880660176770893, -1.0961587921514515, -1.1041485272337122, -1.1119988318742329, -1.1197219261966393, -1.1273462170214081, -1.1348656246269944, -1.1422965785886114, -1.1496292528591254, -1.1567701266094919, -1.1637389575076573, -1.1705530514344393, -1.1771779536970353, -1.1836310806881878, -1.1899293821421661, -1.196087137669131, -1.2020182094254799, -1.207745762414077, -1.2132911911057962, -1.218671904552763, -1.2239055435754507, -1.2290052434315264, -1.2339293243796534, -1.2386982229153092, -1.2432959123613112, -1.2476537017043168, -1.2517953762778231, -1.255780150978138, -1.2596218487192594, -1.263225055745967, -1.2665978729530505, -1.269660175429129, -1.2725489123435054, -1.275195716908796, -1.2776560058072857, -1.279894798950909, -1.2819023797306697], "joint_2": [1.4809569865715546, 1.4759180000182297, 1.4714044856019735, 1.4673619076839457, 1.4637428704953181, 1.460503101150268, 1.4576033598412994, 1.4550088805105241, 1.4526888430279874, 1.4506117271551051, 1.4486379811508279, 1.446908027490821, 1.4453648453721932, 1.443971120387513, 1.4429620069402083, 1.4420295687198208, 1.4411603130090833, 1.4403226058647032, 1.4395757044598332, 1.4389113986494513, 1.4383224900094884, 1.4377832392358676, 1.4374496427386136, 1.4372028746601304, 1.4369070779686122, 1.436693764927446, 1.436488492718643, 1.4362900010703585, 1.4360985888769258, 1.4359053659904444, 1.4356851734086513, 1.435488249667687, 1.4353121905304755, 1.434978172445625, 1.4345008335762213, 1.4338879130827766, 1.4330937714285854, 1.4321697422818995, 1.4310299661940218, 1.4297979246804393, 1.4284974655853984, 1.4270965728543619, 1.4255187321927405, 1.4237299883196084, 1.4216654021415034, 1.4193404414123223, 1.4168146560235089, 1.4140219633695306, 1.410981188827732, 1.4077184768779223, 1.4041992985573681, 1.4004669703440042, 1.3965037950492112, 1.3923530354687705, 1.388050002365886, 1.3835849097770503, 1.3789961000954223, 1.3742843317536224, 1.369366888255349, 1.3642629428969235, 1.3589921200246233, 1.3534441836232731, 1.3476521879469852, 1.3416485821631998, 1.3354718931745908, 1.3289756460038062, 1.3221995693374948, 1.3151912147375269, 1.3080184693917114, 1.3007324497305321, 1.293327840230855, 1.28576544081062, 1.278054941496034, 1.2701387201554846, 1.2619355892543611, 1.2534750176763978, 1.2448419373658168, 1.2360753032858458, 1.2270844119293136, 1.2180633742923697, 1.2090533805289907, 1.199925580270921, 1.1903879366435584, 1.1794519183978707, 1.1686059871320784, 1.1588675076701984], "joint_3": [0.695237686610873, 0.6946687496940684, 0.693151834672907, 0.6907823756452128, 0.6876458580977461, 0.6838192226620665, 0.6793716597628979, 0.6743653924240915, 0.6688563784954576, 0.662894200664369, 0.6565315581234351, 0.6498018298651093, 0.6427428019746384, 0.6353877874922716, 0.6277593836525409, 0.6198901681813296, 0.6115876814903033, 0.6030887480329183, 0.5944070782950461, 0.585560953198812, 0.5765668235259057, 0.5674664819655452, 0.5582385275262696, 0.5489201394164354, 0.5395016844121243, 0.5300166368364778, 0.5204447160404412, 0.5107945865832074, 0.5010740591043612, 0.49126539050121026, 0.4813791368783658, 0.4714197329728877, 0.46139453716666534, 0.45131170891055694, 0.44108621542388443, 0.43079835256189875, 0.4204549756870257, 0.40999064648658423, 0.3993212609540606, 0.38861990850638717, 0.37786336343043836, 0.3669655230925667, 0.3559188671571593, 0.34476102788011553, 0.3335049938368197, 0.3221472103018143, 0.31069251574084117, 0.29915559776005585, 0.2875521131100525, 0.27588407640339363, 0.26416131397791026, 0.2523866518286914, 0.24055453186111575, 0.22866927521987016, 0.2167350518739614, 0.20475764378093725, 0.19274328851487377, 0.1806950894315103, 0.1686207010361855, 0.1564976451696254, 0.1443306608966998, 0.13212025900921134, 0.1198438698814817, 0.10750764081901953, 0.09511622815777365, 0.08251353535389729, 0.0697204627577284, 0.05675633047104527, 0.04375656823105841, 0.03072114465408079, 0.01762872128837252, 0.004486409182393661, -0.008724449268819965, -0.022004565064139725, -0.03536760477211899, -0.04880551776299685, -0.06235213997064869, -0.0760031045025188, -0.08975453248797251, -0.10365609404928706, -0.11772141116256332, -0.13193605047422624, -0.14629403089399445, -0.1607264597057365, -0.17535397430288224, -0.1885138405540495], "joint_4": [-1.4809519230835044, -1.4756986663440481, -1.470798398264906, -1.4662293498001548, -1.4619717729504946, -1.4580052660672598, -1.4543109710887019, -1.4508714560268252, -1.4476706095877008, -1.4446868612028838, -1.4418381038325812, -1.4391484713831293, -1.4365490650279071, -1.4341199499663286, -1.4316615607763647, -1.4293814161386609, -1.4268156802741108, -1.4244415420439605, -1.4221215027622789, -1.419851347875092, -1.4176270630404946, -1.4154056172444927, -1.4130191192247927, -1.410576028178832, -1.4081679955881754, -1.4058969515522646, -1.4036396385520247, -1.401393965426526, -1.3991578276388605, -1.396882127278755, -1.3945489412336038, -1.392132606787376, -1.3896372622746795, -1.3870518522402362, -1.3841470698806988, -1.381141004242403, -1.3779773273510405, -1.3745708234551108, -1.3708436235695287, -1.3670385524639561, -1.3630638450731807, -1.3587596886030815, -1.354062173563318, -1.3487455354984956, -1.3431241355640726, -1.3372317983347617, -1.3311409319303076, -1.324804758367233, -1.3182313602508053, -1.3114661893555963, -1.3045020305414938, -1.2973401746900082, -1.289907778143398, -1.2822496926756917, -1.2743952441983144, -1.2663584553483016, -1.2581210204140787, -1.249714992548758, -1.2410568918729747, -1.2321096283948774, -1.2228998022046933, -1.2134208161192725, -1.203675427655914, -1.1936771733467741, -1.1834122923400807, -1.1724822945634592, -1.1609453494004087, -1.148834569246412, -1.1363946371116687, -1.1236667996350862, -1.1106073241567078, -1.0972125364770136, -1.0834131971648737, -1.0692981475716947, -1.0548085660431414, -1.0399839814394205, -1.0247710734534339, -1.0091314958326125, -0.99304344825645, -0.9769282752470256, -0.9608335620729006, -0.9444046208220421, -0.9275947433807974, -0.9092049526475121, -0.8908780603559792, -0.8744182900515619]}