{"joint_1": [-0.6952415655233269, -0.6966044812293749, -0.6987570871614603, -0.7016195461317543, -0.7051205210926332, -0.7092000682383534, -0.7138021714925608, -0.7188609145611914, -0.7243276882887014, -0.7300730096822516, -0.7362139026397186, -0.7425604016245893, -0.7490915919827916, -0.7558304132053865, -0.7627100258399924, -0.7697210897772108, -0.7769396175082579, -0.7842534822548635, -0.7917442107760045, -0.7993630203222308, -0.8070357852059211, -0.8147535612717206, -0.8225822865160256, -0.8304369745714126, -0.8383215664219201, -0.8462366835349914, -0.854173475039341, -0.8621292659341244, -0.8701059890306939, -0.8781553132945497, -0.8862791699071071, -0.8944006681149386, -0.9025248609845387, -0.9106524210452275, -0.9187750396617769, -0.9269381054176786, -0.9350450170354558, -0.943146321404724, -0.9512441547592935, -0.9591688452081328, -0.9669376195604181, -0.9745225203727884, -0.981555902579951, -0.9881960351781399, -0.9947851713289484, -1.0012428861552904, -1.0076772395286506, -1.0140899501743006, -1.0205260373116944, -1.0276958345493592, -1.0339736966545807, -1.0336582878412626, -1.033466102997575, -1.0332723457812776, -1.0330792845278347, -1.0327737363155438, -1.0324746843512511, -1.032179727651238, -1.0318887253955886, -1.0316014999730692, -1.0314130971019786, -1.031223180623142], "joint_2": [1.4809569865715546, 1.4778240460789906, 1.4769308632757343, 1.4780724163960488, 1.4810590097280376, 1.485665114343942, 1.4917097308033127, 1.499009972462004, 1.507434694099463, 1.5166999360485187, 1.5270638266416199, 1.538187826452672, 1.550001035163157, 1.5625059099901186, 1.5754735535149549, 1.5889167574653773, 1.6029183368477429, 1.617323245772811, 1.6321840968006867, 1.6474356026765362, 1.6629909881769767, 1.6788495505807481, 1.6948519335264307, 1.711024806495083, 1.727577701943136, 1.7442723457206157, 1.7611659641529616, 1.7782451283644838, 1.7954093388358008, 1.81271442774486, 1.830230830725224, 1.8479044828843252, 1.865518876275823, 1.8833123408012329, 1.9011857452300862, 1.9188407137743826, 1.9364191884277187, 1.9540370106068132, 1.9717204553942678, 1.9893236482072503, 2.0068250714537768, 2.0242060760674647, 2.037911150671195, 2.0469378809970697, 2.055522534266057, 2.0642729387533825, 2.0728869266633354, 2.0813790733697073, 2.0897093797493476, 2.0983211146881224, 2.1064182547852903, 2.1041163514454975, 2.101891251419012, 2.099740137779232, 2.097660311684491, 2.095578326714208, 2.093567237004512, 2.091624414396106, 2.089747340989521, 2.087933603776788, 2.086240821887376, 2.0846029417685075], "joint_3": [0.695237686610873, 0.6965360405814796, 0.6985688895812592, 0.7012255061241514, 0.7044594928479415, 0.7082369040678081, 0.7124289540775882, 0.7169921381081551, 0.7218914238235741, 0.7270939378329494, 0.732559450254935, 0.7382637578659881, 0.7441828109221262, 0.7504704926622721, 0.7569164675992298, 0.7634648932514727, 0.7701514915495021, 0.7769543441143443, 0.7838544829880801, 0.7908438080583859, 0.7979174970874522, 0.8050644563097418, 0.8121946634164667, 0.8193940724995004, 0.8266473619923312, 0.8338724155365603, 0.8411153362440905, 0.8483737679900302, 0.8556067076298881, 0.8628764974646066, 0.8700902990629796, 0.8773198113896197, 0.8845248411412, 0.8917460351791496, 0.8988946743371001, 0.9062298285572155, 0.9136946189573282, 0.9211372481624721, 0.9285529123364605, 0.9359641628559177, 0.9432822608991162, 0.9505041557336025, 0.9574922600874743, 0.9639349982563732, 0.9702665697753348, 0.9765672443535396, 0.983071500969666, 0.9895432755882491, 0.995969138018752, 1.0031880094545758, 1.009529528308683, 1.0092119429592485, 1.0090188152945008, 1.0088240931681351, 1.00863006909171, 1.0083339095189308, 1.0080436736495324, 1.0077571811461363, 1.0074743005109301, 1.0071948678621105, 1.0070053496475069, 1.006814483087372], "joint_4": [-1.4809519230835044, -1.4778756403785167, -1.4770972395185356, -1.4782473004025636, -1.4811442790666538, -1.4857300597058747, -1.4916988888784475, -1.4989133363251814, -1.5072575443867946, -1.5166271780561906, -1.5268420635714206, -1.5377404581894552, -1.5492662440209877, -1.5616820801231157, -1.5746732928057776, -1.5880706138384597, -1.601974166960257, -1.616272137205872, -1.6310055701588304, -1.64611132435337, -1.6614981831352238, -1.6771278410435273, -1.6929573933172635, -1.709057649499083, -1.7251756734122567, -1.7414144664499276, -1.757766809933562, -1.7742271831872867, -1.790765066632586, -1.807518951455947, -1.8243344673724622, -1.8412445329875096, -1.8582727759407167, -1.875227710380794, -1.892097114090729, -1.9089179268588943, -1.925998755460775, -1.9433035135484698, -1.960709181965414, -1.9781708480013065, -1.995521017202954, -2.012701394680195, -2.0311304962855856, -2.0411370781541565, -2.049819269401553, -2.0583621962790986, -2.0668493041923357, -2.075209287287438, -2.0834515227033967, -2.091976260260006, -2.0999945248941043, -2.0979062807214692, -2.0958870422811335, -2.093934317348776, -2.092045716016362, -2.0901544016514095, -2.0883269451192543, -2.0865610117158355, -2.0848543628080214, -2.083204851259198, -2.0816650609458356, -2.080174835053933]}