{"joint_1": [-0.6952415655233269, -0.6945950438395253, -0.6929284376060995, -0.6903441151285791, -0.6869354371842511, -0.6827846232019066, -0.6779657411691865, -0.67254585632161, -0.666585299827175, -0.6601389750393353, -0.6532537170998067, -0.6459762216278536, -0.6383447695953923, -0.630394979188273, -0.6221597047028665, -0.6136586424900939, -0.6049172654146268, -0.5959633932885069, -0.5868178751778274, -0.5775005360799382, -0.5680285429238741, -0.5584173789436667, -0.5486838822158326, -0.5388343993602347, -0.5288762263448923, -0.5188290319350615, -0.5087157099789406, -0.49854608035754827, -0.4883233814977686, -0.47805887472291847, -0.46775488856057224, -0.4574117778594265, -0.4470332918915131, -0.4366322426538872, -0.426101001026575, -0.4152899277002885, -0.40420028079291953, -0.3928598802924718, -0.3812946400382586, -0.3695037413097496, -0.35750694780983067, -0.3453224539196201, -0.33296861544103695, -0.32046421927776125, -0.30782521355754355, -0.2950668141855619, -0.2822104994446795, -0.2692498837206859, -0.2561941421186068, -0.24305293704679715, -0.22983582623141435, -0.2165489039204758, -0.20319902599424802, -0.1897918795054394, -0.17633376334030015, -0.16291417472390926, -0.1494738412874681, -0.13602284295599879, -0.1225674091045729, -0.10916318597670126, -0.09579753048725487, -0.08236061935287693, -0.06895936187954056, -0.055489867822375555, -0.041958922105078414, -0.028367462764868446, -0.014731298834212996, -0.0010472010601100291, 0.012672441091826936, 0.026477145994570486, 0.040343582886792205, 0.05428613939818827, 0.06835433873135582, 0.08256512654622974, 0.09690417496454086, 0.11136684709984188, 0.1259218754934783, 0.14064870178243494, 0.1555126956136081, 0.17052212408993045, 0.1857244549418255, 0.20120464701431795, 0.21693974626183474, 0.23288031188066452, 0.24912853333891607, 0.26579283256167213, 0.28292001125445787, 0.30045458373474715, 0.3185201268032304, 0.33477864624302006], "joint_2": [1.4809569865715546, 1.475590997670631, 1.470473131940611, 1.4655868133841168, 1.4609014300881038, 1.4564131311249329, 1.452114592320474, 1.4479928641802986, 1.4440358557123139, 1.4402124755549244, 1.4365141208568475, 1.4329564329762927, 1.4295188882313268, 1.426191019756854, 1.4229520372602624, 1.4196246523739386, 1.4164192347611821, 1.413371868330185, 1.4103717594826635, 1.4075051688880793, 1.404773435173534, 1.4021674920396323, 1.3996435609999656, 1.3972668058968227, 1.3950110577175725, 1.392658675067295, 1.3902780395945646, 1.3878506372313877, 1.3854043651604635, 1.3829347411845816, 1.3803586920313293, 1.3777683919754462, 1.3751613405742156, 1.372443474715933, 1.3694518861967917, 1.3659931017401488, 1.3620637241689324, 1.3577093708822263, 1.3529643257549895, 1.3477608027998387, 1.3421272559694686, 1.3360691915141414, 1.3296334612370246, 1.3228370590348097, 1.3157037214663378, 1.3082448816046843, 1.300414066018387, 1.2921684454869278, 1.2835191661691403, 1.2745020646324992, 1.2651404890799876, 1.2554826265689132, 1.2455581296879839, 1.2353803437393598, 1.2249564763153946, 1.2143375145506379, 1.203531359480208, 1.1925347360479224, 1.1813011588899458, 1.16990910967433, 1.1584334222258623, 1.146678845691156, 1.134727273259362, 1.1225348235055834, 1.1101248062441542, 1.0973669863497304, 1.0842045226903982, 1.0707450581878812, 1.0569408087129901, 1.0427627641919464, 1.0282862838817641, 1.0133791120584998, 0.998030061276496, 0.9820939011808363, 0.9656249687234782, 0.9487365728532235, 0.9314526636577197, 0.9136716151594373, 0.8953219925778791, 0.8764070340369046, 0.8569725985745511, 0.8368331091356411, 0.8159146748945115, 0.7938372383652899, 0.7711662844443729, 0.7477223373874036, 0.7234848702597422, 0.6973908475712488, 0.6703116076846055, 0.6456633274005202], "joint_3": [0.695237686610873, 0.6967629748730559, 0.6992245746653676, 0.7025287855240231, 0.7065925262361379, 0.7113387386898822, 0.7166986401686004, 0.722610691987765, 0.7290195135455203, 0.735877138250092, 0.7431349893113305, 0.7507570770687252, 0.7587045689122724, 0.7669459244511677, 0.7754515810961741, 0.7841994630020761, 0.793154905359501, 0.8022973228770582, 0.8116130619820993, 0.8210800899998122, 0.830682530443105, 0.8404066785709743, 0.8502426244159463, 0.860174159810834, 0.8701957731900742, 0.8803066683082154, 0.8904803969564684, 0.9007130326175344, 0.9109966911741737, 0.921302730610944, 0.931607162133493, 0.941905253896661, 0.9521978804095015, 0.9623219634280917, 0.9722906171071978, 0.9821265766978009, 0.9918418080763934, 1.0014484460630915, 1.0109579091992302, 1.0203811471611377, 1.0297261529389863, 1.0389982152946078, 1.04820512661022, 1.0573549911184126, 1.066428882054846, 1.075435967716995, 1.0841672246331933, 1.092665828526408, 1.1009554953636214, 1.109057489630426, 1.1169916358399996, 1.1247737675169704, 1.1324191836351536, 1.1399429379992851, 1.1473585907099064, 1.154647915281725, 1.161822897791587, 1.1687011276020158, 1.175317273026928, 1.1816707870322922, 1.1877848211367434, 1.1937066196438955, 1.1994525764650326, 1.2050430763731041, 1.2104937510931921, 1.2158152959877102, 1.2208054484993358, 1.2256888527845724, 1.2302852182631323, 1.2346261598651471, 1.238735053766328, 1.2426323760005242, 1.2463443101023806, 1.249860493843729, 1.2532006950179813, 1.2563777401460048, 1.2594372086060666, 1.2621727581246875, 1.2646127570026695, 1.2667885374547583, 1.2687279166751098, 1.2704552969230476, 1.2719881346522424, 1.2733414226093143, 1.2745341019466618, 1.2755005918054092, 1.2763256208178522, 1.2770824908680305, 1.2777564388675906, 1.278404030458808], "joint_4": [-1.4809519230835044, -1.4760275626885613, -1.4717355265983805, -1.4680135793120404, -1.4647893887439538, -1.4620150975038295, -1.4596505544475689, -1.4576531530734473, -1.4559846120547555, -1.4545874869404283, -1.4534069003810282, -1.4525172348677287, -1.451837272821002, -1.4513443541173188, -1.450996784774767, -1.4509112611607065, -1.4509125796479054, -1.450911088083963, -1.4509922041744612, -1.451064913284927, -1.4511213154902702, -1.4511618665391295, -1.4511558278995111, -1.4511678114632398, -1.4512030398887177, -1.4513120339007402, -1.4514501067945922, -1.4515861602814903, -1.451753426168412, -1.4518815119016588, -1.451894718033214, -1.451851406584603, -1.451759106403145, -1.4514251843462704, -1.4507417698011913, -1.4496262429608733, -1.4481387026941206, -1.4463166236712024, -1.444184534529855, -1.441753047532865, -1.4390786508986448, -1.4362106537860586, -1.433179750744671, -1.4300263418898294, -1.4267268939119808, -1.423275585963991, -1.419443195347485, -1.4152784881788787, -1.4108428077052484, -1.406161360540116, -1.4012465814985784, -1.396138034001589, -1.3908560082492805, -1.3854156059207126, -1.3798209439419409, -1.3741977857853482, -1.3685414657781214, -1.362620563138081, -1.356377512097437, -1.3498977310552027, -1.3431332932984807, -1.3360774177175008, -1.328842963667091, -1.321368486002262, -1.3136781328778167, -1.3058695903294602, -1.2977041690943663, -1.2894643553774363, -1.2809142303301417, -1.2720340959341199, -1.2628791702169129, -1.2535390397187236, -1.243940558148646, -1.2341892921604347, -1.2242989654159284, -1.214210447481907, -1.203949380235234, -1.1932369041732793, -1.1822119710823384, -1.1708841066029065, -1.1592211292996775, -1.1472350722212379, -1.1350280102813837, -1.1225338727867444, -1.1098442781855407, -1.0974455903226275, -1.0853733045302554, -1.07206888318063, -1.0593443588130902, -1.048121516415923]}