{"joint_1": [-0.6952415655233269, -0.6948220742548087, -0.6935798010630347, -0.69162846629967, -0.689138531058841, -0.6860254489093575, -0.6823494116668977, -0.6781673834298402, -0.67351845659803, -0.6684425306960811, -0.6629765991297459, -0.657164187573418, -0.6510413831599277, -0.6445736757140145, -0.6378656948184214, -0.6308979604913157, -0.6236708068580663, -0.6161047762995255, -0.6082926658689605, -0.6002489891558798, -0.5919308023446455, -0.5833612707305008, -0.5745476910005889, -0.5655105964308909, -0.5562716935557066, -0.5468308638303774, -0.5371146385166091, -0.527138322860779, -0.5169884315676162, -0.5065243454560973, -0.4957700685705586, -0.48475953764013724, -0.4734947379434164, -0.4619207564906943, -0.45150937267149], "joint_2": [1.4809569865715546, 1.4737352370487447, 1.4651596958730317, 1.4555193344721464, 1.4450277051925242, 1.433610933543617, 1.4213961850270647, 1.4084592725293832, 1.3949127311959086, 1.3807178205346824, 1.3658693770443975, 1.3504658968727634, 1.3346039546816097, 1.3182950857023445, 1.3015625395293116, 1.2841995694568789, 1.266811117349206, 1.2488696331728266, 1.230486551623516, 1.211773960019882, 1.1926888662000872, 1.1731513156941655, 1.1532157036664255, 1.1329530827896186, 1.1124037151584272, 1.0914639834758204, 1.0699690258221342, 1.0480193222428429, 1.0257601141577561, 1.0029188156902713, 0.9795393584564015, 0.9557276773686564, 0.9312863042590074, 0.9062783003523, 0.8839429464811855], "joint_3": [0.695237686610873, 0.6947537455527685, 0.6934572750791875, 0.6913847049985555, 0.688607895510845, 0.6851995930891046, 0.6812758186426416, 0.6768341611844558, 0.6719840840420704, 0.6667431022320057, 0.6611861694595809, 0.6553111329835513, 0.649109726214076, 0.6426258139080236, 0.6356973840125374, 0.6286056299665386, 0.6212777452809393, 0.6135857751263214, 0.6057480095122824, 0.5975950304925206, 0.5891752010103452, 0.580509939269849, 0.571630785039637, 0.5625560502512137, 0.5532247350965142, 0.5437384016683977, 0.5340984334684329, 0.5242942739252365, 0.5142848725597365, 0.5040039062117497, 0.4934943571804342, 0.48272064446318624, 0.4716951184357868, 0.46037318610191535, 0.45017639487445765], "joint_4": [-1.4809519230835044, -1.4737893445994625, -1.4653326374943814, -1.45555087114908, -1.4446552763956728, -1.4326930970741072, -1.4198937938377578, -1.406258967035864, -1.3919077715759252, -1.3770065206979336, -1.361816728940578, -1.34622635808574, -1.3301370890132593, -1.313527721107039, -1.2962396754970038, -1.2790384444425589, -1.260900343625273, -1.2421294237587817, -1.2232328747416923, -1.2037816999706348, -1.1838235692918897, -1.1634863992362607, -1.1427091684065271, -1.1215886814882101, -1.0999877697049791, -1.078195287634453, -1.0560234540248132, -1.0335326303622547, -1.0107170899603857, -0.9873986986569937, -0.9636327958167241, -0.9393464929432698, -0.9146236635175348, -0.8893299471445925, -0.866562044175779]}